"color[Color]","disabled[Bool]"
"0.000000,0.000000,0.000000,1.000000","False"
"1.000000,1.000000,1.000000,1.000000","False"
"1.000000,0.000000,0.000000,1.000000","False"
"0.000000,0.000000,1.000000,1.000000","False"
"0.000000,1.000000,0.000000,1.000000","False"
"1.000000,1.000000,0.000000,1.000000","False"
"0.992000,0.000000,1.000000,1.000000","False"
"0.000000,1.000000,1.000000,1.000000","False"